tm,stnId,stnNm,ta,ws,wd,hm,rn,pa,ps,td,taQcflg,wsQcflg,wdQcflg,hmQcflg,clfmAbbrCd,dc10LmcsCa,dc10Tca,dmstMtphNo,dsnw,gndSttCd,hr3Fhsc,icsr,lcsCh,m005Te,m01Te,m02Te,m03Te,paQcflg,psQcflg,pv,rnQcflg,rnum,ss,ssQcflg,ts,tsQcflg,vs
2019-04-04 00:00,100,대관령,0.6,3.7,270,45,,928.7,1021.6,-9.9,,,,,,0,0,,,,,,,,,,,,,2.9,,1,,9,-0.7,,2000
2019-04-04 01:00,100,대관령,0.5,4.2,290,44,,929.2,1022.2,-10.3,,,,,,0,0,,,,,,,,,,,,,2.8,,2,,9,-0.9,,2000
2019-04-04 02:00,100,대관령,-0.1,1.8,270,45,,929.3,1022.5,-10.6,,,,,,0,0,,,,,,,,,,,,,2.7,,3,,9,-1.0,,2000
2019-04-04 03:00,100,대관령,-0.5,4.3,270,46,,928.6,1021.9,-10.7,,,,,,0,0,,,,,,,,,,,,,2.7,,4,,9,-1.3,,2000
2019-04-04 04:00,100,대관령,-0.5,5.1,270,45,,928.3,1021.6,-11.0,,,,,,0,0,,,,,,,,,,,,,2.6,,5,,9,-1.4,,2000
2019-04-04 05:00,100,대관령,-0.2,6.6,270,42,,928.0,1021.1,-11.5,,,,,,0,0,,,,,,,,,,,,,2.5,,6,,9,-1.5,,2000
2019-04-04 06:00,100,대관령,0.6,7.5,270,37,,927.8,1020.6,-12.4,,,,,,0,0,,,,,,,,,,,,,2.4,,7,,9,-1.5,,2000
2019-04-04 07:00,100,대관령,1.5,5.3,270,34,,927.9,1020.3,-12.6,,,,,,0,0,,,,,0.16,,,,,,,,2.3,,8,0.6,,-1.3,,2000
2019-04-04 08:00,100,대관령,3.5,2.0,230,27,,927.9,1019.7,-13.7,,,,,,0,0,,,,,0.85,,,,,,,,2.1,,9,1.0,,-0.3,,2000
2019-04-04 09:00,100,대관령,5.3,8.2,270,24,,927.1,1018.1,-13.6,,,,,,0,0,,,,,1.63,,,,,,,,2.1,,10,1.0,,2.0,,1998
2019-04-04 10:00,100,대관령,7.0,8.2,250,24,,926.9,1017.1,-12.2,,,,,,0,0,,,,,2.4,,,,,,,,2.4,,11,1.0,,5.7,,1992
2019-04-04 11:00,100,대관령,8.6,6.2,250,24,,927.1,1017.0,-10.8,,,,,,0,1,,,,,2.95,,,,,,,,2.7,,12,1.0,,12.3,,1927
2019-04-04 12:00,100,대관령,9.6,9.9,250,26,,924.9,1014.1,-9.0,,,,,,0,0,,,,,3.28,,,,,,,,3.1,,13,1.0,,14.6,,1914
2019-04-04 13:00,100,대관령,10.3,11.9,250,28,,924.1,1012.9,-7.4,,,,,,0,0,,,,,3.43,,,,,,,,3.5,,14,1.0,,15.5,,1833
2019-04-04 14:00,100,대관령,11.0,10.7,250,29,,923.1,1011.5,-6.3,,,,,,0,1,,,,,3.26,,,,,,,,3.8,,15,1.0,,16.9,,1772
2019-04-04 15:00,100,대관령,11.1,10.9,270,31,,923.1,1011.5,-5.4,,,,,,0,0,,,,,2.89,,,,,,,,4.1,,16,1.0,,16.0,,1884
2019-04-04 16:00,100,대관령,11.3,11.8,270,31,,921.3,1009.4,-5.2,,,,,,0,1,,,,,2.26,,,,,,,,4.2,,17,1.0,,13.7,,1775
2019-04-04 17:00,100,대관령,11.0,11.2,250,30,,921.1,1009.3,-5.9,,,,,,0,0,,,,,1.52,,,,,,,,3.9,,18,1.0,,10.0,,1966
2019-04-04 18:00,100,대관령,9.8,11.4,270,30,,920.2,1008.9,-6.9,,,,,,0,4,,,,,0.68,,,,,,,,3.6,,19,1.0,,6.9,,1989
2019-04-04 19:00,100,대관령,8.3,11.4,270,31,,920.0,1009.4,-7.8,,,,,,0,0,,,,,0.12,,,,,,,,3.4,,20,0.5,,4.4,,1996
2019-04-04 20:00,100,대관령,7.5,12.2,270,31,,920.1,1009.4,-8.5,,,,,,0,0,,,,,,,,,,,,,3.2,,21,,9,3.3,,2000
2019-04-04 21:00,100,대관령,6.8,10.8,270,34,,921.4,1011.1,-8.0,,,,,,0,1,,,,,,,,,,,,,3.3,,22,,9,2.6,,2000
2019-04-04 22:00,100,대관령,6.1,8.0,270,31,,922.3,1012.4,-9.8,,,,,,0,6,,,,,,,,,,,,,2.9,,23,,9,1.8,,2000
2019-04-04 23:00,100,대관령,5.8,5.5,270,29,,922.7,1013.0,-10.9,,,,,,0,7,,,,,,,,,,,,,2.7,,24,,9,1.0,,2000
2019-04-05 00:00,100,대관령,5.4,3.9,250,26,,921.4,1011.8,-12.6,,,,,,0,6,,,,,,,,,,,,,2.3,,25,,9,0.1,,2000
2019-04-05 01:00,100,대관령,5.5,3.6,250,26,,920.6,1010.8,-12.5,,,,,,0,5,,,,,,,,,,,,,2.3,,26,,9,-0.4,,2000
2019-04-05 02:00,100,대관령,5.2,6.8,270,21,,919.1,1009.3,-15.4,,,,,,0,3,,,,,,,,,,,,,1.8,,27,,9,-0.3,,2000
2019-04-05 03:00,100,대관령,4.0,6.8,270,23,,918.1,1008.7,-15.3,,,,,,0,0,,,,,,,,,,,,,1.9,,28,,9,-0.7,,2000
2019-04-05 04:00,100,대관령,3.9,8.8,270,22,,917.0,1007.6,-15.9,,,,,,0,2,,,,,,,,,,,,,1.8,,29,,9,-0.7,,2000
2019-04-05 05:00,100,대관령,3.9,8.6,270,44,,916.5,1007.0,-7.2,,,,,,5,5,,,,,,8,,,,,,,3.6,,30,,9,1.0,,2000
2019-04-05 06:00,100,대관령,3.5,10.6,270,63,,916.3,1007.0,-2.8,,,,,,9,9,,,,,,6,,,,,,,5.0,,31,,9,1.5,,1435
2019-04-05 07:00,100,대관령,2.9,11.7,270,76,,916.2,1006.9,-0.9,,,,,,9,10,,,,,0.01,4,,,,,,,5.7,,32,0.0,,1.7,,939
2019-04-05 08:00,100,대관령,2.5,10.2,270,90,0.1,916.3,1007.1,1.0,,,,,,9,9,,,,,0.07,3,,,,,,,6.6,,33,0.0,,2.0,,488
2019-04-05 09:00,100,대관령,2.7,8.0,270,94,0.0,916.5,1007.3,1.8,,,,,,8,8,,,,,0.16,2,,,,,,,7.0,,34,0.0,,2.8,,336
2019-04-05 10:00,100,대관령,5.3,8.3,270,82,0.0,916.6,1006.5,2.4,,,,,,7,7,,,,,1.07,2,,,,,,,7.3,,35,0.3,,8.2,,784
2019-04-05 11:00,100,대관령,7.4,8.9,250,70,,916.1,1005.1,2.2,,,,,,3,3,,,,,2.61,4,,,,,,,7.2,9,36,1.0,,13.9,,1013
2019-04-05 12:00,100,대관령,9.3,7.3,270,57,,916.2,1004.7,1.2,,,,,,2,6,,,,,3.22,69,,,,,,,6.7,9,37,1.0,,18.5,,1129
2019-04-05 13:00,100,대관령,9.5,8.0,270,58,,916.4,1004.9,1.6,,,,,,1,6,,,,,3.24,56,,,,,,,6.9,9,38,1.0,,19.5,,1026
2019-04-05 14:00,100,대관령,9.8,8.5,270,57,,916.3,1004.6,1.6,,,,,,0,6,,,,,3.24,,,,,,,,6.9,9,39,1.0,,19.7,,935
2019-04-05 15:00,100,대관령,11.5,7.3,270,51,,916.0,1003.5,1.6,,,,,,0,0,,,,,2.93,,,,,,,,6.9,9,40,1.0,,20.0,,916
2019-04-05 16:00,100,대관령,13.0,5.3,270,36,,915.7,1002.5,-1.7,,,,,,1,7,,,,,2.14,53,,,,,,,5.4,9,41,1.0,,17.6,,1484
2019-04-05 17:00,100,대관령,12.8,4.3,250,28,,916.2,1003.2,-5.2,,,,,,0,0,,,,,1.33,,,,,,,,4.2,9,42,1.0,,13.8,,1966
2019-04-05 18:00,100,대관령,11.5,6.3,270,20,,917.0,1004.6,-10.7,,,,,,0,0,,,,,0.73,,,,,,,,2.7,9,43,1.0,,9.5,,1997
2019-04-05 19:00,100,대관령,9.6,4.1,250,27,,917.7,1006.2,-8.5,,,,,,0,1,,,,,0.12,,,,,,,,3.2,9,44,0.5,,6.0,,1996
2019-04-05 20:00,100,대관령,8.1,3.8,270,34,,918.8,1008.1,-6.8,,,,,,0,0,,,,,,,,,,,,,3.7,9,45,,9,4.3,,1912
2019-04-05 21:00,100,대관령,6.7,3.5,270,37,,919.7,1009.3,-6.9,,,,,,0,0,,,,,,,,,,,,,3.6,9,46,,9,3.0,,1801
2019-04-05 22:00,100,대관령,5.9,5.0,270,33,,920.3,1010.3,-9.1,,,,,,0,1,,,,,,,,,,,,,3.1,9,47,,9,2.2,,2000
2019-04-05 23:00,100,대관령,5.0,1.9,270,31,,920.9,1011.4,-10.7,,,,,,4,7,,,,,,59,,,,,,,2.7,9,48,,9,1.2,,2000
2019-04-04 00:00,211,인제,5.8,2.1,200,35,,997.3,1021.9,-8.5,,,,,,0,0,,,,,,,,,,,,,3.2,,1,,9,3.6,,1720
2019-04-04 01:00,211,인제,2.2,0.7,290,54,,997.5,1022.4,-6.1,,,,,,0,0,,,,,,,,,,,,,3.9,,2,,9,2.8,,1509
2019-04-04 02:00,211,인제,1.3,0.6,250,59,,997.2,1022.2,-5.8,,,,,,0,0,,,,,,,,,,,,,4.0,,3,,9,1.7,,1576
2019-04-04 03:00,211,인제,0.4,0.9,320,61,,997.4,1022.5,-6.2,,,,,,0,0,,,,,,,,,,,,,3.8,,4,,9,1.1,,1576
2019-04-04 04:00,211,인제,-0.6,0.3,0,66,,997.4,1022.6,-6.1,,,,,,0,0,,,,,,,,,,,,,3.9,,5,,9,1.0,,1698
2019-04-04 05:00,211,인제,-0.8,0.4,0,68,,997.2,1022.4,-5.9,,,,,,0,0,,,,,,,,,,,,,3.9,,6,,9,0.7,,1562
2019-04-04 06:00,211,인제,-1.7,0.5,20,72,,996.8,1022.1,-6.0,,,,,,0,0,,,,,,,,,,,,,3.9,,7,,9,0.5,,1512
2019-04-04 07:00,211,인제,-1.2,0.0,0,70,,996.8,1022.0,-5.9,,,,,,0,0,,,,,,,,,,,,,3.9,,8,0.0,,0.6,,1572
2019-04-04 08:00,211,인제,2.6,2.6,160,50,,996.7,1021.6,-6.8,,,,,,0,0,,,,,,,,,,,,,3.7,,9,0.9,,1.4,,1264
2019-04-04 09:00,211,인제,5.8,2.2,180,39,,995.9,1020.5,-7.1,,,,,,0,0,,,,,,,,,,,,,3.6,,10,1.0,,6.6,,1620
2019-04-04 10:00,211,인제,8.7,4.3,160,29,,995.1,1019.3,-8.3,,,,,,0,0,,,,,,,,,,,,,3.3,,11,1.0,,10.9,,1970
2019-04-04 11:00,211,인제,10.3,4.1,180,28,,994.0,1018.1,-7.4,,,,,,0,1,,,,,,,,,,,,,3.5,,12,1.0,,15.5,,2421
2019-04-04 12:00,211,인제,12.4,4.9,160,27,,992.6,1016.4,-6.1,,,,,,0,0,,,,,,,,,,,,,3.9,,13,1.0,,18.8,,2808
2019-04-04 13:00,211,인제,14.2,4.4,160,27,,991.4,1015.0,-4.5,,,,,,0,0,,,,,,,,,,,,,4.4,,14,1.0,,21.8,,2455
2019-04-04 14:00,211,인제,15.3,5.7,160,27,,990.5,1014.0,-3.6,,,,,,0,0,,,,,,,,,,,,,4.7,,15,1.0,,22.1,,2283
2019-04-04 15:00,211,인제,15.5,6.3,160,25,,989.4,1012.9,-4.4,,,,,,0,0,,,,,,,,,,,,,4.4,,16,1.0,,20.2,,1871
2019-04-04 16:00,211,인제,15.5,6.4,180,25,,988.4,1011.9,-4.4,,,,,,0,0,,,,,,,,,,,,,4.4,,17,1.0,,17.3,,1050
2019-04-04 17:00,211,인제,15.2,4.4,160,23,,987.6,1011.1,-5.8,,,,,,0,0,,,,,,,,,,,,,4.0,,18,1.0,,15.2,,1079
2019-04-04 18:00,211,인제,14.0,4.4,160,23,,987.6,1011.1,-6.8,,,,,,0,0,,,,,,,,,,,,,3.7,,19,0.3,,11.3,,1520
2019-04-04 19:00,211,인제,12.9,3.8,180,23,,987.8,1011.4,-7.7,,,,,,0,0,,,,,,,,,,,,,3.4,,20,0.0,,9.3,,1200
2019-04-04 20:00,211,인제,11.9,5.3,160,20,,988.2,1012.0,-10.4,,,,,,0,0,,,,,,,,,,,,,2.8,,21,,9,8.2,,2563
2019-04-04 21:00,211,인제,11.2,5.1,160,22,,988.6,1012.5,-9.7,,,,,,0,0,,,,,,,,,,,,,2.9,,22,,9,7.5,,2019
2019-04-04 22:00,211,인제,10.7,4.1,160,24,,988.4,1012.3,-9.0,,,,,,0,0,,,,,,,,,,,,,3.1,,23,,9,6.8,,1851
2019-04-04 23:00,211,인제,10.0,4.4,140,27,,987.9,1011.9,-8.1,,,,,,0,0,,,,,,,,,,,,,3.3,,24,,9,6.4,,1677
2019-04-05 00:00,211,인제,9.6,5.4,160,27,,987.1,1011.1,-8.5,,,,,,0,3,,,,,,,,,,,,,3.2,,25,,9,6.2,,1628
2019-04-05 01:00,211,인제,9.0,5.5,160,25,,986.3,1010.3,-10.0,,,,,,0,0,,,,,,,,,,,,,2.9,,26,,9,5.8,,1728
2019-04-05 02:00,211,인제,8.6,6.0,160,20,,985.8,1009.8,-13.1,,,,,,0,7,,,,,,,,,,,,,2.2,,27,,9,5.5,,1391
2019-04-05 03:00,211,인제,8.1,5.8,180,22,,985.1,1009.1,-12.3,,,,,,3,9,,,,,,27,,,,,,,2.4,,28,,9,5.4,,1553
2019-04-05 04:00,211,인제,7.8,5.8,160,27,,984.5,1008.5,-10.0,,,,,,0,2,,,,,,,,,,,,,2.9,,29,,9,5.2,,1959
2019-04-05 05:00,211,인제,7.6,5.0,160,34,,984.1,1008.2,-7.2,,,,,,8,9,,,,,,11,,,,,,,3.6,,30,,9,5.8,,1478
2019-04-05 06:00,211,인제,7.6,4.6,160,45,,983.8,1007.9,-3.5,,,,,,1,1,,,,,,9,,,,,,,4.7,,31,,9,6.1,,1100
2019-04-05 07:00,211,인제,7.2,4.0,160,57,,984.3,1008.4,-0.7,,,,,,9,9,,,,,,8,,,,,,,5.8,,32,0.0,,6.2,,975
2019-04-05 08:00,211,인제,6.6,5.4,180,67,,984.2,1008.4,0.8,,,,,,9,9,,,,,,7,,,,,,,6.5,,33,0.0,,6.7,,891
2019-04-05 09:00,211,인제,7.3,4.0,160,70,,984.1,1008.2,2.1,,,,,,9,9,,,,,,6,,,,,,,7.1,,34,0.0,,9.1,,900
2019-04-05 10:00,211,인제,9.2,5.2,180,66,,983.9,1007.8,3.1,,,,,,6,10,,,,,,8,,,,,,,7.6,,35,1.0,,14.3,,1162
2019-04-05 11:00,211,인제,10.8,5.1,180,58,,983.0,1006.8,2.8,,,,,,3,7,,,,,,9,,,,,,,7.5,,36,1.0,,18.0,,1313
2019-04-05 12:00,211,인제,13.0,5.4,180,47,,982.5,1006.0,1.9,,,,,,1,8,,,,,,64,,,,,,,7.0,,37,1.0,,20.4,,1371
2019-04-05 13:00,211,인제,14.6,5.2,160,38,,981.8,1005.2,0.4,,,,,,0,7,,,,,,,,,,,,,6.3,,38,1.0,,22.8,,1536
2019-04-05 14:00,211,인제,16.6,4.5,180,27,,981.2,1004.3,-2.5,,,,,,0,0,,,,,,,,,,,,,5.1,,39,1.0,,25.4,,1923
2019-04-05 15:00,211,인제,17.3,3.8,230,15,,980.6,1003.6,-9.6,,,,,,0,0,,,,,,,,,,,,,3.0,,40,1.0,,25.2,,2870
2019-04-05 16:00,211,인제,17.2,4.2,160,13,,980.4,1003.4,-11.5,,,,,,0,7,,,,,,,,,,,,,2.5,,41,1.0,,21.3,,3584
2019-04-05 17:00,211,인제,17.3,2.3,320,11,,981.0,1004.0,-13.5,,,,,,0,1,,,,,,,,,,,,,2.2,,42,1.0,,18.9,,3469
2019-04-05 18:00,211,인제,15.8,2.0,200,12,,981.8,1005.1,-13.6,,,,,,0,1,,,,,,,,,,,,,2.1,,43,0.3,,13.3,,3270
2019-04-05 19:00,211,인제,13.8,1.2,200,14,,982.5,1005.9,-13.3,,,,,,0,0,,,,,,,,,,,,,2.2,,44,0.0,,10.5,,2288
2019-04-05 20:00,211,인제,10.3,0.9,290,25,,983.7,1007.5,-8.9,,,,,,0,2,,,,,,,,,,,,,3.1,,45,,9,8.6,,1853
2019-04-05 21:00,211,인제,8.5,0.8,50,29,,985.3,1009.3,-8.5,,,,,,0,3,,,,,,,,,,,,,3.2,,46,,9,7.2,,1788
2019-04-05 22:00,211,인제,7.4,0.9,340,33,,986.4,1010.5,-7.8,,,,,,0,5,,,,,,,,,,,,,3.4,,47,,9,6.4,,1473
2019-04-05 23:00,211,인제,6.5,0.3,0,37,,987.2,1011.5,-7.1,,,,,,0,8,,,,,,,,,,,,,3.6,,48,,9,5.8,,1550
2019-04-04 00:00,212,홍천,3.1,0.6,110,50,,1005.3,1022.7,-6.3,,,,,,0,0,,,,,,,,,,,,,3.8,,1,,9,4.0,,1949
2019-04-04 01:00,212,홍천,2.1,1.3,50,58,,1005.5,1023.0,-5.3,,,,,,0,0,,,,,,,,,,,,,4.1,,2,,9,3.3,,1840
2019-04-04 02:00,212,홍천,0.6,0.6,110,58,,1005.3,1022.9,-6.7,,,,,,0,0,,,,,,,,,,,,,3.7,,3,,9,2.6,,3402
2019-04-04 03:00,212,홍천,-0.1,0.4,0,64,,1005.4,1023.1,-6.1,,,,,,0,0,,,,,,,,,,,,,3.9,,4,,9,2.1,,2411
2019-04-04 04:00,212,홍천,-1.1,0.7,140,69,,1005.2,1022.9,-6.0,,,,,,0,0,,,,,,,,,,,,,3.9,,5,,9,1.6,,2716
2019-04-04 05:00,212,홍천,-1.3,1.1,50,72,,1004.9,1022.6,-5.7,,,,,,0,0,,,,,,,,,,,,,4.0,,6,,9,1.3,,1714
2019-04-04 06:00,212,홍천,-1.7,0.4,0,73,,1004.7,1022.5,-5.9,,,,,,0,0,,,,,,,,,,,,,3.9,,7,,9,1.0,,1798
2019-04-04 07:00,212,홍천,-1.4,0.5,160,71,,1004.9,1022.6,-5.9,,,,,,0,0,,,,,,,,,,,,,3.9,,8,0.2,,1.0,,1841
2019-04-04 08:00,212,홍천,2.1,0.7,50,62,,1004.8,1022.3,-4.4,,,,,,0,0,,,,,,,,,,,,,4.4,,9,1.0,,1.7,,1560
2019-04-04 09:00,212,홍천,5.2,1.1,50,46,,1004.2,1021.5,-5.5,,,,,,0,0,,,,,,,,,,,,,4.1,,10,1.0,,6.6,,4806
2019-04-04 10:00,212,홍천,9.3,1.0,70,38,,1003.4,1020.4,-4.3,,,,,,0,0,,,,,,,,,,,,,4.4,,11,1.0,,10.7,,3355
2019-04-04 11:00,212,홍천,11.5,1.6,290,35,,1002.5,1019.3,-3.4,,,,,,0,0,,,,,,,,,,,,,4.8,,12,1.0,,17.2,,4565
2019-04-04 12:00,212,홍천,13.3,3.4,270,32,,1001.3,1018.0,-3.0,,,,,,0,0,,,,,,,,,,,,,4.9,,13,1.0,,21.1,,4676
2019-04-04 13:00,212,홍천,15.1,3.4,230,29,,999.8,1016.4,-2.8,,,,,,0,0,,,,,,,,,,,,,5.0,,14,1.0,,23.3,,3797
2019-04-04 14:00,212,홍천,16.7,3.7,250,26,,998.7,1015.1,-2.9,,,,,,0,0,,,,,,,,,,,,,4.9,,15,1.0,,23.7,,3677
2019-04-04 15:00,212,홍천,17.7,4.3,270,21,,997.4,1013.7,-4.9,,,,,,0,0,,,,,,,,,,,,,4.2,,16,1.0,,22.4,,3151
2019-04-04 16:00,212,홍천,17.7,4.1,290,20,,996.8,1013.1,-5.5,,,,,,0,0,,,,,,,,,,,,,4.1,,17,1.0,,20.8,,3691
2019-04-04 17:00,212,홍천,16.6,3.9,250,20,,996.0,1012.4,-6.4,,,,,,0,0,,,,,,,,,,,,,3.8,,18,1.0,,18.3,,3716
2019-04-04 18:00,212,홍천,15.1,4.4,250,21,,995.9,1012.4,-7.1,,,,,,0,0,,,,,,,,,,,,,3.6,,19,1.0,,14.7,,3128
2019-04-04 19:00,212,홍천,13.5,2.5,250,21,,996.0,1012.6,-8.4,,,,,,0,0,,,,,,,,,,,,,3.2,,20,0.6,,11.8,,2921
2019-04-04 20:00,212,홍천,12.0,1.2,200,25,,996.5,1013.2,-7.4,,,,,,0,0,,,,,,,,,,,,,3.5,,21,,9,9.9,,2831
2019-04-04 21:00,212,홍천,9.7,1.4,200,32,,997.0,1013.9,-6.2,,,,,,0,0,,,,,,,,,,,,,3.8,,22,,9,8.4,,3017
2019-04-04 22:00,212,홍천,9.0,0.8,200,34,,997.2,1014.1,-6.0,,,,,,0,0,,,,,,,,,,,,,3.9,,23,,9,7.3,,3113
2019-04-04 23:00,212,홍천,7.7,0.7,90,37,,996.4,1013.4,-6.1,,,,,,0,0,,,,,,,,,,,,,3.9,,24,,9,6.3,,2504
2019-04-05 00:00,212,홍천,6.9,0.6,110,39,,996.0,1013.0,-6.1,,,,,,0,0,,,,,,,,,,,,,3.9,,25,,9,5.5,,2249
2019-04-05 01:00,212,홍천,7.7,0.7,360,33,,995.2,1012.2,-7.5,,,,,,0,0,,,,,,,,,,,,,3.5,,26,,9,4.9,,3234
2019-04-05 02:00,212,홍천,8.1,0.7,20,23,,994.6,1011.5,-11.8,,,,,,0,0,,,,,,,,,,,,,2.5,,27,,9,4.5,,3762
2019-04-05 03:00,212,홍천,7.9,0.8,20,28,,994.1,1011.0,-9.5,,,,,,0,0,,,,,,,,,,,,,3.0,,28,,9,4.6,,3123
2019-04-05 04:00,212,홍천,7.9,0.5,140,34,,993.2,1010.1,-7.0,,,,,,7,9,,,,,,4,,,,,,,3.6,,29,,9,5.4,,4168
2019-04-05 05:00,212,홍천,7.7,1.2,320,41,,992.6,1009.5,-4.7,,,,,,10,10,,,,,,3,,,,,,,4.3,,30,,9,5.9,,4510
2019-04-05 06:00,212,홍천,7.7,0.9,320,47,,992.5,1009.4,-2.9,,,,,,10,10,,,,,,2,,,,,,,4.9,,31,,9,6.2,,3151
2019-04-05 07:00,212,홍천,7.6,1.5,270,56,,992.6,1009.5,-0.6,,,,,,10,10,,,,,,2,,,,,,,5.8,,32,0.0,,6.3,,1999
2019-04-05 08:00,212,홍천,6.7,2.6,270,71,,992.8,1009.8,1.8,,,,,,2,10,,,,,,,,,,,,,7.0,,33,0.0,,6.5,,833
2019-04-05 09:00,212,홍천,7.9,1.4,290,72,,992.2,1009.1,3.1,,,,,,9,9,,,,,,2,,,,,,,7.6,,34,0.0,,8.8,,984
2019-04-05 10:00,212,홍천,10.1,3.1,270,69,,992.4,1009.2,4.6,,,,,,7,10,,,,,,2,,,,,,,8.5,,35,0.4,,12.8,,1012
2019-04-05 11:00,212,홍천,11.8,3.8,250,61,,991.4,1008.0,4.5,,,,,,2,8,,,,,,3,,,,,,,8.4,,36,1.0,,17.4,,1111
2019-04-05 12:00,212,홍천,14.1,2.6,200,54,,990.6,1007.0,4.9,,,,,,5,8,,,,,,3,,,,,,,8.7,,37,0.9,,21.8,,1087
2019-04-05 13:00,212,홍천,16.0,3.9,230,45,,990.0,1006.3,4.0,,,,,,1,6,,,,,,18,,,,,,,8.1,,38,1.0,,24.1,,1326
2019-04-05 14:00,212,홍천,18.0,4.0,270,28,,989.3,1005.4,-0.8,,,,,,0,4,,,,,,,,,,,,,5.8,,39,1.0,,24.2,,2008
2019-04-05 15:00,212,홍천,18.4,4.9,290,18,,988.8,1004.9,-6.3,,,,,,0,0,,,,,,,,,,,,,3.8,,40,1.0,,23.6,,2659
2019-04-05 16:00,212,홍천,18.6,4.1,270,11,,988.5,1004.6,-12.5,,,,,,0,7,,,,,,,,,,,,,2.3,,41,1.0,,22.1,,4383
2019-04-05 17:00,212,홍천,17.9,4.0,250,11,,989.1,1005.2,-13.0,,,,,,0,0,,,,,,,,,,,,,2.3,,42,1.0,,19.4,,2707
2019-04-05 18:00,212,홍천,16.4,3.2,250,19,,989.9,1006.2,-7.3,,,,,,0,0,,,,,,,,,,,,,3.5,,43,1.0,,15.8,,1861
2019-04-05 19:00,212,홍천,14.7,2.8,250,19,,990.7,1007.2,-8.7,,,,,,0,0,,,,,,,,,,,,,3.2,,44,0.4,,12.8,,1569
2019-04-05 20:00,212,홍천,13.1,1.0,200,22,,991.8,1008.3,-8.1,,,,,,0,0,,,,,,,,,,,,,3.3,,45,,9,10.9,,1575
2019-04-05 21:00,212,홍천,10.6,1.5,200,28,,993.2,1010.0,-7.1,,,,,,0,1,,,,,,,,,,,,,3.6,,46,,9,9.4,,1707
2019-04-05 22:00,212,홍천,10.0,1.9,230,28,,993.9,1010.7,-7.7,,,,,,1,6,,,,,,15,,,,,,,3.4,,47,,9,8.4,,1741
2019-04-05 23:00,212,홍천,8.5,0.4,0,34,,994.7,1011.6,-6.4,,,,,,0,4,,,,,,,,,,,,,3.8,,48,,9,7.3,,1646
2019-04-04 00:00,90,속초,10.3,4.2,270,23,,1014.6,1016.8,-9.9,,,,,,0,0,,,,,,,,,,,,,2.9,,1,,9,7.1,,2000
2019-04-04 01:00,90,속초,9.9,3.0,270,24,,1014.6,1016.8,-9.7,,,,,,0,0,,,,,,,,,,,,,2.9,,2,,9,6.8,,2000
2019-04-04 02:00,90,속초,10.1,2.9,270,23,,1014.0,1016.2,-10.1,,,,,,0,0,,,,,,,,,,,,,2.8,,3,,9,6.4,,2000
2019-04-04 03:00,90,속초,9.5,3.2,270,22,,1013.5,1015.7,-11.2,,,,,,0,0,,,,,,,,,,,,,2.6,,4,,9,6.1,,2000
2019-04-04 04:00,90,속초,9.8,4.0,270,20,,1012.7,1014.9,-12.1,,,,,,0,0,,,,,,,,,,,,,2.4,,5,,9,6.1,,2000
2019-04-04 05:00,90,속초,10.2,3.6,270,20,,1012.1,1014.3,-11.8,,,,,,0,0,,,,,,,,,,,,,2.5,,6,,9,6.3,,2000
2019-04-04 06:00,90,속초,11.0,4.6,270,20,,1011.4,1013.6,-11.1,,,,,,0,0,,,,,,,,,,,,,2.6,,7,,9,6.7,,2000
2019-04-04 07:00,90,속초,12.7,3.7,270,19,,1010.9,1013.1,-10.3,,,,,,0,0,,,,,,,,,,,,,2.8,,8,0.5,,7.6,,2000
2019-04-04 08:00,90,속초,14.4,4.4,270,18,,1010.2,1012.3,-9.6,,,,,,0,0,,,,,,,,,,,,,3.0,,9,1.0,,9.3,,1987
2019-04-04 09:00,90,속초,16.3,5.9,270,16,,1009.5,1011.6,-9.6,,,,,,0,0,,,,,,,,,,,,,3.0,,10,1.0,,11.6,,2000
2019-04-04 10:00,90,속초,15.6,7.0,270,17,,1009.3,1011.4,-9.4,,,,,,0,0,,,,,,,,,,,,,3.0,,11,1.0,,16.7,,1813
2019-04-04 11:00,90,속초,15.9,8.0,270,18,,1008.5,1010.6,-8.4,,,,,,0,0,,,,,,,,,,,,,3.2,,12,1.0,,19.2,,1789
2019-04-04 12:00,90,속초,17.3,5.5,270,19,,1008.0,1010.1,-6.5,,,,,,0,0,,,,,,,,,,,,,3.8,,13,1.0,,23.2,,1900
2019-04-04 13:00,90,속초,17.8,7.9,270,20,,1006.2,1008.3,-5.4,,,,,,0,0,,,,,,,,,,,,,4.1,,14,1.0,,24.6,,1690
2019-04-04 14:00,90,속초,18.6,7.4,270,18,,1004.3,1006.4,-6.2,,,,,,0,0,,,,,,,,,,,,,3.8,,15,1.0,,25.0,,1610
2019-04-04 15:00,90,속초,18.9,7.1,270,20,,1002.5,1004.6,-4.5,,,,,,0,0,,,,,,,,,,,,,4.4,,16,1.0,,24.6,,1552
2019-04-04 16:00,90,속초,18.7,7.8,270,19,,1001.3,1003.4,-5.4,,,,,,0,0,,,,,,,,,,,,,4.1,,17,1.0,,23.0,,1103
2019-04-04 17:00,90,속초,18.3,7.2,270,18,,1000.6,1002.7,-6.4,,,,,,0,1,,,,,,,,,,,,,3.8,,18,1.0,,20.3,,1464
2019-04-04 18:00,90,속초,17.2,4.9,270,19,,1000.4,1002.5,-6.6,,,,,,0,5,,,,,,,,,,,,,3.7,,19,1.0,,16.2,,1200
2019-04-04 19:00,90,속초,15.8,5.6,270,19,,1000.1,1002.2,-7.8,,,,,,0,1,,,,,,,,,,,,,3.4,,20,0.4,,13.9,,1337
2019-04-04 20:00,90,속초,15.3,6.6,270,17,,1001.2,1003.3,-9.6,,,,,,0,4,,,,,,,,,,,,,3.0,,21,,9,13.0,,1399
2019-04-04 21:00,90,속초,14.6,7.6,270,16,,1001.0,1003.1,-10.9,,,,,,0,8,,,,,,,,,,,,,2.7,,22,,9,12.4,,1654
2019-04-04 22:00,90,속초,14.7,7.3,270,15,,1000.5,1002.6,-11.7,,,,,,9,9,,,,,,,,,,,,,2.5,,23,,9,12.1,,1916
2019-04-04 23:00,90,속초,14.5,7.5,270,15,,1000.5,1002.6,-11.8,,,,,,8,8,,,,,,75,,,,,,,2.5,,24,,9,11.8,,1670
2019-04-05 00:00,90,속초,17.2,8.5,270,15,,1001.9,1004.0,-9.7,,,,,,6,8,,,,,,,,,,,,,2.9,,25,,9,13.1,,13
2019-04-05 01:00,90,속초,15.8,6.0,270,13,,1003.0,1005.1,-12.6,,,,,,8,8,,,,,,,,,,,,,2.3,,26,,9,12.2,,28
2019-04-05 02:00,90,속초,13.9,4.3,290,12,,1003.9,1006.0,-15.1,,,,,,6,6,,,,,,,,,,,,,1.9,,27,,9,11.0,,86
2019-04-05 03:00,90,속초,12.1,3.1,320,16,,1003.7,1005.9,-13.0,,,,,,5,5,,,,,,3,,,,,,,2.3,,28,,9,9.5,,737
2019-04-05 04:00,90,속초,11.9,4.6,290,28,,1002.7,1004.9,-6.0,,,,,,0,3,,,,,,,,,,,,,3.9,,29,,9,9.3,,1206
2019-04-05 05:00,90,속초,10.4,3.1,270,36,,1002.8,1005.0,-4.0,,,,,,3,4,,,,,,17,,,,,,,4.5,,30,,9,8.8,,839
2019-04-05 06:00,90,속초,10.6,3.9,270,48,,1002.3,1004.5,0.0,,,,,,5,5,,,,,,6,,,,,,,6.1,,31,,9,8.7,,82
2019-04-05 07:00,90,속초,10.3,4.0,270,54,,1002.8,1005.0,1.3,,,,,,2,2,,,,,,12,,,,,,,6.7,,32,0.0,,9.1,,816
2019-04-05 08:00,90,속초,11.5,3.6,270,51,,1002.4,1004.6,1.6,,,,,,2,3,,,,,,14,,,,,,,6.9,,33,0.4,,10.2,,976
2019-04-05 09:00,90,속초,13.0,4.9,270,43,,1002.1,1004.2,0.6,,,,,,0,0,,,,,,,,,,,,,6.4,,34,1.0,,12.3,,1267
2019-04-05 10:00,90,속초,14.1,4.7,290,41,,1001.7,1003.8,1.0,,,,,,,,,,,,,,,,,,,,6.6,,35,1.0,,17.4,,1600
2019-04-05 11:00,90,속초,14.6,5.8,290,39,,1001.7,1003.8,0.7,,,,,,0,6,,,,,,,,,,,,,6.4,,36,1.0,,19.7,,1525
2019-04-05 12:00,90,속초,16.3,4.2,290,35,,1001.8,1003.9,0.7,,,,,,,,,,,,,,,,,,,,6.4,,37,1.0,,24.4,,1660
2019-04-05 13:00,90,속초,14.6,2.8,90,51,,1001.7,1003.8,4.5,,,,,,0,6,,,,,,,,,,,,,8.4,,38,1.0,,27.0,,1564
2019-04-05 14:00,90,속초,14.1,4.4,50,47,,1001.9,1004.0,2.9,,,,,,0,0,,,,,,,,,,,,,7.5,,39,1.0,,27.4,,1705
2019-04-05 15:00,90,속초,15.0,2.6,20,39,,1002.0,1004.1,1.1,,,,,,0,0,,,,,,,,,,,,,6.6,,40,1.0,,27.4,,1962
2019-04-05 16:00,90,속초,15.0,0.9,20,35,,1002.0,1004.1,-0.3,,,,,,0,3,,,,,,,,,,,,,6.0,,41,1.0,,26.5,,2000
2019-04-05 17:00,90,속초,14.9,2.1,160,35,,1002.6,1004.7,-0.4,,,,,,0,1,,,,,,,,,,,,,5.9,,42,1.0,,22.6,,2000
2019-04-05 18:00,90,속초,14.2,1.8,160,32,,1003.3,1005.4,-2.2,,,,,,0,0,,,,,,,,,,,,,5.2,,43,1.0,,16.9,,2000
2019-04-05 19:00,90,속초,12.7,1.5,180,36,,1003.9,1006.1,-2.0,,,,,,0,0,,,,,,,,,,,,,5.3,,44,0.4,,13.5,,1902
2019-04-05 20:00,90,속초,11.0,1.3,230,41,,1004.8,1007.0,-1.7,,,,,,0,2,,,,,,,,,,,,,5.4,,45,,9,11.4,,868
2019-04-05 21:00,90,속초,10.2,0.7,250,41,,1005.9,1008.1,-2.4,,,,,,4,5,,,,,,59,,,,,,,5.1,,46,,9,10.1,,679
2019-04-05 22:00,90,속초,9.6,1.2,270,40,,1006.6,1008.8,-3.3,,,,,,6,6,,,,,,69,,,,,,,4.8,,47,,9,9.1,,1373
2019-04-05 23:00,90,속초,10.2,1.4,270,34,,1007.3,1009.5,-4.9,,,,,,1,6,,,,,,,,,,,,,4.2,,48,,9,8.4,,1987
