station_id,station_name,datetime,temperature_celsius,wind_direction_deg,wind_speed_ms,precipitation_mm,humidity_percent
557,기린,04/04/2019 00:00,4.8,267,1.7,0,40
557,기린,04/04/2019 01:00,4.3,260.8,1.5,0,41
557,기린,04/04/2019 02:00,1.1,7.6,0.5,0,56
557,기린,04/04/2019 03:00,-0.5,168.9,0.7,0,64
557,기린,04/04/2019 04:00,-1.4,157.2,0.5,0,67
557,기린,04/04/2019 05:00,-2,0,0.4,0,70
557,기린,04/04/2019 06:00,-2.6,0,0.2,0,72
557,기린,04/04/2019 07:00,-2.4,0,0.2,0,74
557,기린,04/04/2019 08:00,1.2,0,0.4,0,61
557,기린,04/04/2019 09:00,8.3,254,1.9,0,25
557,기린,04/04/2019 10:00,10.1,226.5,4,0,21
557,기린,04/04/2019 11:00,12,233.9,3.3,0,24
557,기린,04/04/2019 12:00,13.7,217.7,4.9,0,25
557,기린,04/04/2019 13:00,14.8,215.7,5.4,0,26
557,기린,04/04/2019 14:00,15.6,215.9,4.7,0,26
557,기린,04/04/2019 15:00,16.1,235,4.5,0,24
557,기린,04/04/2019 16:00,16.1,291.6,2.7,0,21
557,기린,04/04/2019 17:00,14.8,215.6,4.7,0,22
557,기린,04/04/2019 18:00,13.4,235.9,2.7,0,23
557,기린,04/04/2019 19:00,12,318.2,2,0,24
557,기린,04/04/2019 20:00,11,226.9,2.3,0,26
557,기린,04/04/2019 21:00,10.5,235.6,2.7,0,27
557,기린,04/04/2019 22:00,9.9,235,3.9,0,29
557,기린,04/04/2019 23:00,9.4,220.1,4.5,0,27
557,기린,05/04/2019 00:00,8.9,218.6,6.8,0,26
557,기린,05/04/2019 01:00,8.5,222.1,6.6,0,22
557,기린,05/04/2019 02:00,8.1,225.7,6.5,0,22
557,기린,05/04/2019 03:00,7.7,219.2,5.6,0,23
557,기린,05/04/2019 04:00,7.4,227,4.2,0,27
557,기린,05/04/2019 05:00,7.3,222.3,3.8,0,36
557,기린,05/04/2019 06:00,7,220.8,3.5,0,48
557,기린,05/04/2019 07:00,6.5,225.2,2.8,0,61
557,기린,05/04/2019 08:00,6,217.1,2.8,0,74
557,기린,05/04/2019 09:00,7.2,227.6,3.3,0,76
557,기린,05/04/2019 10:00,8.6,228.4,3.9,0,71
557,기린,05/04/2019 11:00,9.6,234.9,2.9,0,66
557,기린,05/04/2019 12:00,12.3,223.3,3.4,0,55
557,기린,05/04/2019 13:00,13.6,224.3,2.8,0,50
557,기린,05/04/2019 14:00,15.9,238,2,0,44
557,기린,05/04/2019 15:00,17.4,310.6,2.6,0,20
557,기린,05/04/2019 16:00,17.6,354.3,3.2,0,13
557,기린,05/04/2019 17:00,17.3,328.5,3.3,0,9
557,기린,05/04/2019 18:00,15.7,341.7,2.7,0,12
557,기린,05/04/2019 19:00,13.7,235.2,3.5,0,16
557,기린,05/04/2019 20:00,12.3,240,2.2,0,23
557,기린,05/04/2019 21:00,11.1,236.6,2.3,0,26
557,기린,05/04/2019 22:00,8.9,242.9,1,0,33
557,기린,05/04/2019 23:00,9.2,266,1.1,0,31
557,기린,06/04/2019 00:00,6.2,146.6,0.6,0,43
557,기린,06/04/2019 01:00,3.6,116,0.5,0,56
557,기린,06/04/2019 02:00,2.5,0,0.2,0,59
557,기린,06/04/2019 03:00,1.4,0,0.1,0,65
557,기린,06/04/2019 04:00,1.7,0,0.1,0,63
557,기린,06/04/2019 05:00,0.8,0,0.4,0,66
557,기린,06/04/2019 06:00,0.3,85.1,0.5,0,69
557,기린,06/04/2019 07:00,0.7,0,0.1,0,69
557,기린,06/04/2019 08:00,3.1,0,0.1,0,60
557,기린,06/04/2019 09:00,5.3,0,0.3,0,49
557,기린,06/04/2019 10:00,8.6,211.8,0.7,0,37
557,기린,06/04/2019 11:00,10.2,26.6,1,0,33
557,기린,06/04/2019 12:00,12.5,61.7,1.2,0,22
557,기린,06/04/2019 13:00,12.1,302.6,1.7,0,22
557,기린,06/04/2019 14:00,12,303.7,2,0,26
557,기린,06/04/2019 15:00,12,239.1,2,0,29
557,기린,06/04/2019 16:00,11.6,266.9,1.2,0,35
557,기린,06/04/2019 17:00,10.6,53.6,2.6,0,42
557,기린,06/04/2019 18:00,9.6,102.4,1.1,0,47
557,기린,06/04/2019 19:00,7.7,34.7,3.6,0,68
557,기린,06/04/2019 20:00,5,87.1,0.5,2.5,94
557,기린,06/04/2019 21:00,5,84.1,0.5,0.5,94
557,기린,06/04/2019 22:00,5.1,346.5,0.8,0.5,94
557,기린,06/04/2019 23:00,4.5,19.7,0.8,0,94
557,기린,07/04/2019 00:00,4,45.3,0.6,0,94
